Date,ITUB4.SA,PETR4.SA,VALE3.SA,WEGE3.SA,^BVSP
2023-06-14,19.593727111816406,19.83594512939453,52.56011199951172,34.877899169921875,119069.0
2023-06-15,19.85090446472168,19.368051528930664,52.971343994140625,34.850276947021484,119221.0
2023-06-16,19.913454055786133,19.53280258178711,53.05509948730469,34.85948181152344,118758.0
2023-06-19,20.184532165527344,20.046825408935547,52.849491119384766,34.693702697753906,119858.0
2023-06-20,20.174915313720703,20.145675659179688,51.48637390136719,34.03059387207031,119622.0
2023-06-21,20.371334075927734,20.989198684692383,50.968536376953125,33.57009506225586,120420.0
2023-06-22,20.174915313720703,20.725595474243164,50.69438934326172,33.52405548095703,118934.0
2023-06-23,20.111787796020508,19.875484466552734,50.184173583984375,33.70824432373047,118977.0
2023-06-26,20.083723068237305,20.323606491088867,50.29079055786133,33.57752990722656,118243.0
2023-06-27,19.859249114990234,20.165447235107422,50.892391204833984,33.669776916503906,117523.0
2023-06-28,19.74700927734375,20.356555938720703,49.28558349609375,33.74357223510742,116681.0
2023-06-29,19.985517501831055,20.448816299438477,49.887184143066406,33.9834098815918,118383.0
2023-06-30,19.936412811279297,19.46031379699707,48.904823303222656,34.822845458984375,118087.0
2023-07-03,20.327844619750977,19.822763442993164,50.43547821044922,34.767494201660156,119673.0
2023-07-04,20.201496124267578,19.868892669677734,50.184173583984375,34.30628204345703,119076.0
2023-07-05,20.37697410583496,19.8425350189209,49.74249267578125,34.59223556518555,119549.0
2023-07-06,20.075145721435547,19.539392471313477,49.384578704833984,34.029537200927734,117426.0
2023-07-07,20.45418930053711,19.440542221069336,49.849098205566406,34.13100814819336,118898.0
2023-07-10,20.320823669433594,19.473493576049805,49.08758544921875,33.47605895996094,117942.0
2023-07-11,19.96284294128418,19.209890365600586,50.70201110839844,33.16242218017578,117220.0
2023-07-12,19.8435115814209,19.22307586669922,51.05992126464844,33.26388931274414,117666.0
2023-07-13,20.061107635498047,19.526208877563477,52.24789810180664,33.26388931274414,119264.0
2023-07-14,19.850534439086914,19.143993377685547,52.24789810180664,33.20853042602539,117711.0
2023-07-17,20.236589431762695,19.104450225830078,51.66914367675781,32.56281280517578,118219.0
2023-07-18,19.8435115814209,18.999011993408203,51.3416862487793,33.1531867980957,117841.0
2023-07-19,19.632932662963867,19.176942825317383,51.20460891723633,34.970455169677734,117552.0
2023-07-20,19.997936248779297,19.196712493896484,51.3188362121582,35.2010612487793,118083.0
2023-07-21,20.35592269897461,19.559160232543945,51.631065368652344,35.87445068359375,120217.0
2023-07-24,20.033039093017578,19.967744827270508,53.19218063354492,38.46257400512695,121342.0
2023-07-25,20.075145721435547,20.429046630859375,54.83707046508789,37.49961471557617,122008.0
2023-07-26,20.187454223632812,20.429046630859375,54.64668655395508,37.4810905456543,122560.0
2023-07-27,19.73822784423828,19.368051528930664,53.62623977661133,37.36073303222656,119990.0
2023-07-28,20.033039093017578,19.61188316345215,51.50160217285156,37.33295440673828,120187.0
2023-07-31,20.103227615356445,20.50153160095215,52.66673278808594,36.962581634521484,121943.0
2023-08-01,20.1647891998291,20.165447235107422,51.935665130615234,36.90703201293945,121248.0
2023-08-02,20.10157012939453,20.11931800842285,51.09037780761719,37.06443405151367,120859.0
2023-08-03,19.947059631347656,20.376327514648438,51.410221099853516,37.434810638427734,120586.0
2023-08-04,19.581825256347656,19.770042419433594,51.44829559326172,37.82368469238281,119508.0
2023-08-07,19.427303314208984,19.895252227783203,51.70720672607422,37.89777755737305,119380.0
2023-08-08,19.385168075561523,19.915021896362305,51.37214279174805,37.64776611328125,119090.0
2023-08-09,19.31493377685547,20.073183059692383,50.90761947631836,37.75887680053711,118409.0
2023-08-10,19.378143310546875,20.18521499633789,50.30601501464844,37.25888442993164,118350.0
2023-08-11,19.413259506225586,20.139083862304688,49.887184143066406,36.85148239135742,118065.0
2023-08-14,19.132320404052734,20.191801071166992,48.56018829345703,36.39778137207031,116810.0
2023-08-15,19.026960372924805,20.3367862701416,48.08164978027344,36.434814453125,116171.0
2023-08-16,19.01291275024414,20.784908294677734,47.893367767333984,34.8237190246582,115592.0
2023-08-17,18.788156509399414,20.719005584716797,48.56803512573242,34.17558670043945,114982.0
2023-08-18,18.93565559387207,20.771726608276367,48.0267333984375,33.57374572753906,115409.0
2023-08-21,18.858386993408203,20.62674331665039,48.08949279785156,33.370033264160156,114429.0
2023-08-22,19.153390884399414,20.940963745117188,49.09364700317383,33.76817321777344,116156.0
2023-08-23,19.39218521118164,22.05608367919922,49.45451354980469,33.74966049194336,118135.0
2023-08-24,19.167438507080078,22.021875381469727,48.795536041259766,33.31447219848633,117026.0
2023-08-25,18.865421295166016,21.871370315551758,48.69355392456055,33.66632843017578,115837.0
2023-08-28,19.504568099975586,22.117656707763672,49.391754150390625,33.90706253051758,117121.0
2023-08-29,19.813602447509766,22.165544509887695,50.96858596801758,33.78668975830078,118404.0
2023-08-30,19.434328079223633,22.316049575805664,50.97643280029297,33.61076736450195,117535.0
2023-08-31,19.26576042175293,21.850847244262695,51.05488204956055,33.221885681152344,115742.0
2023-09-01,19.432785034179688,22.32288932800293,54.04379653930664,33.28669738769531,117893.0
2023-09-04,19.257083892822266,22.090290069580078,54.44388961791992,33.453372955322266,117777.0
2023-09-05,18.968929290771484,22.829143524169922,54.20854187011719,33.24966812133789,117331.0
2023-09-06,18.78619956970215,22.931760787963867,53.3377571105957,32.91633605957031,115985.0
2023-09-08,18.81431007385254,22.849666595458984,52.33360290527344,32.77745819091797,115313.0
2023-09-11,19.292226791381836,22.829143524169922,53.08671951293945,32.66633224487305,116883.0
2023-09-12,19.40467071533203,22.938596725463867,53.0474967956543,33.00893020629883,117968.0
2023-09-13,19.503063201904297,22.596538543701172,52.843528747558594,34.194095611572266,118176.0
2023-09-14,19.425758361816406,23.171201705932617,55.008731842041016,33.40707015991211,119392.0
2023-09-15,19.383588790893555,23.184885025024414,54.5537223815918,33.42558670043945,118758.0
2023-09-18,19.334392547607422,23.349077224731445,53.910438537597656,33.138553619384766,118288.0
2023-09-19,19.277114868164062,23.40380096435547,54.01241683959961,33.31447219848633,117846.0
2023-09-20,19.603607177734375,23.45853042602539,54.373291015625,33.138553619384766,118695.0
2023-09-21,19.15645408630371,23.095949172973633,52.9533576965332,32.38856506347656,116145.0
2023-09-22,19.10677146911621,23.280658721923828,53.345603942871094,32.0274543762207,116009.0
2023-09-25,19.16355323791504,23.431169509887695,52.247310638427734,33.51132583618164,115925.0
2023-09-26,18.87965202331543,22.89071273803711,51.431434631347656,33.46495819091797,114193.0
2023-09-27,18.844165802001953,23.615882873535156,51.54126739501953,33.40929412841797,114327.0
2023-09-28,19.34099578857422,23.567989349365234,52.32575988769531,33.75247573852539,115731.0
2023-09-29,19.312602996826172,23.697975158691406,53.01611328125,33.64117431640625,116565.0
2023-10-02,19.133377075195312,23.34223175048828,52.55326461791992,33.529869079589844,115057.0
2023-10-03,18.89190673828125,23.239614486694336,52.23162078857422,32.62089538574219,113419.0
2023-10-04,19.32513999938965,22.316049575805664,51.674625396728516,32.61163330078125,113607.0
2023-10-05,19.63053321838379,22.39130401611328,51.69816589355469,32.44467544555664,113284.0
2023-10-06,19.815195083618164,22.924915313720703,52.4512825012207,32.2777214050293,114170.0
2023-10-09,19.644733428955078,23.91005516052246,52.0747184753418,32.3240966796875,115156.0
2023-10-10,19.623424530029297,24.087923049926758,52.388519287109375,32.741485595703125,116737.0
2023-10-11,19.872013092041016,24.026355743408203,52.843528747558594,32.62089538574219,117051.0
2023-10-13,19.666048049926758,24.819931030273438,52.23945999145508,32.03656005859375,115754.0
2023-10-16,19.694461822509766,25.093584060668945,52.79646301269531,32.13859558105469,116534.0
2023-10-17,19.403257369995117,25.770864486694336,53.22793197631836,31.79541015625,115908.0
2023-10-18,18.998437881469727,26.352367401123047,51.27454376220703,31.8046817779541,114060.0
2023-10-19,19.218603134155273,26.229228973388672,50.537113189697266,31.480056762695312,114004.0
2023-10-20,19.147584915161133,25.894006729125977,49.172088623046875,31.35947036743164,113155.0
2023-10-23,19.168886184692383,24.18370246887207,49.07795715332031,31.442951202392578,112785.0
2023-10-24,19.168886184692383,24.546287536621094,50.19977569580078,32.47249984741211,113762.0
2023-10-25,19.204404830932617,24.676267623901367,50.1527099609375,29.18907356262207,112830.0
2023-10-26,19.680252075195312,24.423141479492188,51.22747039794922,30.292829513549805,114777.0
2023-10-27,19.389060974121094,24.24527359008789,53.00827407836914,29.337478637695312,113301.0
2023-10-30,19.232807159423828,23.998991012573242,53.486812591552734,29.95891761779785,112532.0
2023-10-31,19.04814910888672,23.766387939453125,54.130104064941406,30.617456436157227,113144.0
2023-11-01,19.316547393798828,24.026355743408203,55.16563415527344,30.68238639831543,115053.0
2023-11-03,19.849565505981445,24.31368637084961,55.85598373413086,31.09976577758789,118160.0
2023-11-06,20.034345626831055,24.29315757751465,56.09133529663086,30.802961349487305,118487.0
2023-11-07,20.595787048339844,23.889528274536133,54.97734832763672,30.40412712097168,119268.0
2023-11-08,20.68817710876465,23.37643814086914,55.01657485961914,30.09804916381836,119099.0
2023-11-09,20.78056526184082,23.862167358398438,55.28329849243164,30.06094741821289,119012.0
2023-11-10,21.029308319091797,23.752704620361328,56.130558013916016,30.7658634185791,120636.0
2023-11-13,20.887163162231445,24.416303634643555,56.01288604736328,30.348478317260742,120376.0
2023-11-14,21.199872970581055,24.75152015686035,57.746604919433594,31.034841537475586,123328.0
2023-11-16,21.5410099029541,24.320524215698242,58.13100814819336,31.05340003967285,124576.0
2023-11-17,21.6404972076416,25.114107131958008,58.2408447265625,30.849340438842773,125062.0
2023-11-20,21.85370635986328,25.134634017944336,59.66862106323242,31.05340003967285,126095.0
2023-11-21,21.81816864013672,24.874664306640625,61.112091064453125,31.220348358154297,125607.0
2023-11-22,21.953205108642578,24.99641227722168,60.53116989135742,31.628448486328125,126035.0
2023-11-23,21.924774169921875,25.00351905822754,60.15107727050781,31.59135627746582,126576.0
2023-11-24,21.8039608001709,25.074615478515625,59.641605377197266,31.276002883911133,125542.0
2023-11-27,21.747100830078125,24.93242835998535,59.28578186035156,31.66555404663086,125683.0
2023-11-28,21.960309982299805,25.309219360351562,59.4151725769043,31.878887176513672,126538.0
2023-11-29,22.109554290771484,25.04617691040039,59.39899444580078,31.65628433227539,126101.0
2023-11-30,22.450681686401367,25.52960968017578,59.72248077392578,31.71192741394043,127331.0
2023-12-01,22.399234771728516,25.358985900878906,60.83039093017578,32.25917434692383,128103.0
2023-12-04,22.42768096923828,24.818679809570312,59.463687896728516,32.24061584472656,126803.0
2023-12-05,22.612571716308594,24.70492935180664,58.91377258300781,32.741485595703125,126903.0
2023-12-06,22.41345977783203,23.81625747680664,58.525604248046875,32.8249626159668,125623.0
2023-12-07,22.66233253479004,23.759387969970703,58.71159362792969,32.79713821411133,126010.0
2023-12-08,22.949012756347656,24.52008819580078,58.87334442138672,32.13859558105469,127094.0
2023-12-11,22.791343688964844,24.427663803100586,58.92185974121094,32.34264373779297,126916.0
2023-12-12,22.676660537719727,24.228605270385742,59.02699661254883,32.49104309082031,126403.0
2023-12-13,23.364702224731445,24.57695960998535,59.03508377075195,33.44640350341797,129465.0
2023-12-14,23.558225631713867,25.11016273498535,59.358558654785156,33.66899871826172,130842.0
2023-12-15,23.45787811279297,25.16703987121582,59.73056411743164,33.41857147216797,130197.0
2023-12-18,23.572553634643555,25.47985076904297,60.01359939575195,33.49473190307617,131084.0
2023-12-19,23.58688735961914,25.77132797241211,60.43412780761719,33.847896575927734,131851.0
2023-12-20,23.34320831298828,25.863752365112305,60.24004364013672,33.60624694824219,130804.0
2023-12-21,23.50088119506836,25.870859146118164,62.24562072753906,33.82000732421875,132182.0
2023-12-22,23.873565673828125,26.119686126708984,61.77656936645508,33.93153381347656,132753.0
2023-12-26,24.11725425720215,26.539138793945312,61.99491882324219,34.126705169677734,133533.0
2023-12-27,24.28209686279297,26.560462951660156,62.59336471557617,34.23822784423828,134194.0
2023-12-28,24.346595764160156,26.475154876708984,62.431617736816406,34.30328369140625,134185.0
2024-01-02,24.03656768798828,26.859058380126953,62.31031799316406,33.98729705810547,132697.0
2024-01-03,23.7712459564209,27.697956085205078,61.98683166503906,34.24751281738281,132834.0
2024-01-04,23.613487243652344,27.463346481323242,61.153873443603516,33.79212951660156,131226.0
2024-01-05,24.16564178466797,27.527334213256836,60.36943435668945,33.42967224121094,132023.0
2024-01-08,23.907495498657227,27.321157455444336,60.06212615966797,33.5133171081543,132427.0
2024-01-09,23.893150329589844,27.0865535736084,59.30195236206055,32.686161041259766,131447.0
2024-01-10,23.87164306640625,26.83772850036621,58.41238784790039,32.82557678222656,130841.0
2024-01-11,23.914663314819336,27.065227508544922,58.719696044921875,32.36088180541992,130649.0
2024-01-12,23.943347930908203,27.136320114135742,57.97569274902344,32.22147750854492,130988.0
2024-01-15,23.986371994018555,27.427797317504883,57.86246871948242,31.896202087402344,131521.0
2024-01-16,23.649341583251953,27.0865535736084,57.110382080078125,31.23634147644043,129294.0
2024-01-17,23.663684844970703,26.93014907836914,56.08332061767578,31.041170120239258,128524.0
2024-01-18,23.56329345703125,26.823511123657227,55.800289154052734,30.799535751342773,127316.0
2024-01-19,23.62065887451172,26.681318283081055,55.072452545166016,31.115530014038086,127636.0
2024-01-22,23.233434677124023,26.802183151245117,54.8298454284668,31.022586822509766,126602.0
2024-01-23,23.340991973876953,27.136320114135742,55.962013244628906,31.385042190551758,128263.0
2024-01-24,23.233434677124023,26.93014907836914,56.528114318847656,31.106224060058594,127816.0
2024-01-25,23.183237075805664,27.92545509338379,55.137149810791016,30.90176010131836,128169.0
2024-01-26,23.527437210083008,28.40888786315918,56.20463562011719,30.827417373657227,128967.0
2024-01-29,23.40553855895996,28.842559814453125,55.93775939941406,30.90176010131836,128503.0
2024-01-30,23.25494384765625,28.664823532104492,55.62236785888672,30.66012954711914,127402.0
2024-01-31,23.505922317504883,28.977632522583008,54.79749298095703,30.056028366088867,127752.0
2024-02-01,23.454015731811523,29.553495407104492,54.546791076660156,30.325551986694336,128481.0
2024-02-02,23.48988914489746,29.16958999633789,53.43887710571289,30.288375854492188,127182.0
2024-02-05,23.934715270996094,29.297555923461914,52.97792053222656,30.91105842590332,127593.0
2024-02-06,24.960704803466797,29.567716598510742,53.91600799560547,30.892473220825195,130416.0
2024-02-07,24.78133201599121,30.00137710571289,54.02114486694336,31.254932403564453,129608.0
2024-02-08,24.293458938598633,29.75965690612793,53.544010162353516,31.412919998168945,128217.0
2024-02-09,24.60196876525879,29.36153793334961,53.309486389160156,31.013286590576172,128026.0
2024-02-14,24.60196876525879,29.141151428222656,53.147743225097656,31.161985397338867,127018.0
2024-02-15,24.810035705566406,30.07247543334961,52.97792053222656,30.86458969116211,127804.0
2024-02-16,24.78133201599121,30.349733352661133,54.991580963134766,31.041170120239258,128726.0
2024-02-19,25.053972244262695,30.499032974243164,54.57914352416992,31.124813079833984,129036.0
2024-02-20,25.5992488861084,30.17911148071289,53.38227462768555,31.84972381591797,129916.0
2024-02-21,25.45575523376465,30.22176742553711,53.78662109375,34.04306411743164,130032.0
2024-02-22,25.311355590820312,29.9942684173584,54.36079406738281,32.96497344970703,130241.0
2024-02-23,25.38545799255371,29.788101196289062,54.49019241333008,33.43896484375,129419.0
2024-02-26,25.459550857543945,30.349733352661133,53.1720085144043,34.271087646484375,129609.0
2024-02-27,25.77075958251953,30.307085037231445,54.5710563659668,34.63656997680664,131689.0
2024-02-28,25.785572052001953,28.74302864074707,53.97262191772461,34.58971405029297,130155.0
2024-02-29,25.148344039916992,28.5368595123291,54.17479705810547,34.383541107177734,129020.0
2024-03-01,25.257802963256836,28.565298080444336,54.08583450317383,34.945831298828125,129180.0
2024-03-04,25.06505584716797,28.494205474853516,53.96453857421875,34.80525588989258,128341.0
2024-03-05,25.042816162109375,28.40888786315918,53.25287628173828,35.077030181884766,128098.0
2024-03-06,25.317108154296875,29.034509658813477,53.98070526123047,34.79588317871094,128890.0
2024-03-07,25.050228118896484,28.714590072631836,53.794708251953125,34.58034896850586,128340.0
2024-03-08,25.28005027770996,26.09124755859375,53.38227462768555,34.59907913208008,127071.0
2024-03-11,25.406076431274414,25.34476661682129,51.72443389892578,34.823997497558594,126124.0
2024-03-12,25.509862899780273,26.176563262939453,51.402156829833984,35.24570846557617,127668.0
2024-03-13,25.761932373046875,25.863752365112305,51.73165512084961,35.629940032958984,128006.0
2024-03-14,25.74709701538086,25.750003814697266,51.072662353515625,35.41439437866211,127690.0
2024-03-15,25.606239318847656,25.821094512939453,50.48969268798828,35.6111946105957,126742.0
2024-03-18,25.71002769470215,25.83531379699707,51.45284652709961,35.6111946105957,126954.0
2024-03-19,25.74709701538086,25.64335823059082,51.87528610229492,36.32341766357422,127529.0
2024-03-20,25.798986434936523,26.09124755859375,52.22168731689453,36.389015197753906,129125.0
2024-03-21,25.5321044921875,25.380311965942383,52.09495544433594,36.95130157470703,128159.0
2024-03-22,25.175085067749023,25.62913703918457,51.495094299316406,37.2418098449707,127027.0
2024-03-25,25.175085067749023,26.020151138305664,51.38526153564453,36.63907241821289,126931.0
2024-03-26,25.6752986907959,25.7784366607666,50.734703063964844,36.39506149291992,126863.0
2024-03-27,25.817153930664062,25.98460578918457,51.19938659667969,36.17920684814453,127691.0
2024-03-28,25.861948013305664,26.560462951660156,51.39371109008789,35.850730895996094,128106.0
2024-04-01,24.978759765625,26.76663589477539,51.723209381103516,35.653656005859375,126990.0
2024-04-02,25.00864601135254,27.456239700317383,52.331520080566406,35.82257080078125,127549.0
2024-04-03,24.8218994140625,27.31404685974121,51.5795783996582,35.55979537963867,127318.0
2024-04-04,24.49323272705078,27.00124168395996,51.005062103271484,35.75688171386719,127428.0
2024-04-05,24.448415756225586,27.0865535736084,50.447444915771484,35.653656005859375,126795.0
2024-04-08,24.81443214416504,27.463346481323242,53.20174026489258,35.850730895996094,128857.0
2024-04-09,25.07587432861328,27.534442901611328,52.84688949584961,36.4138298034668,129890.0
2024-04-10,24.545522689819336,28.145849227905273,52.04426574707031,36.03843688964844,128054.0
2024-04-11,24.50069808959961,27.93967628479004,52.26392364501953,35.888275146484375,127396.0
2024-04-12,24.246734619140625,27.683738708496094,52.06960678100586,35.644264221191406,125946.0
2024-04-15,23.835895538330078,27.94678497314453,52.37376022338867,35.325172424316406,125334.0
2024-04-16,23.656614303588867,28.07475471496582,51.909080505371094,36.385677337646484,124389.0
2024-04-17,23.67156982421875,28.28091812133789,52.47514343261719,35.8695068359375,124171.0
2024-04-18,23.701440811157227,28.3306827545166,52.66946792602539,36.226131439208984,124196.0
2024-04-19,23.566986083984375,28.814123153686523,53.53124237060547,36.17920684814453,125124.0
2024-04-22,23.552043914794922,29.503725051879883,53.505897521972656,35.91642761230469,125573.0
2024-04-23,23.90313148498535,29.44685173034668,53.04121017456055,35.653656005859375,125148.0
2024-04-24,23.79854393005371,29.31177520751953,53.700218200683594,35.878883361816406,124741.0
2024-04-25,23.664091110229492,30.015605926513672,52.568084716796875,36.29182815551758,124646.0
2024-04-26,24.059988021850586,30.439502716064453,52.568084716796875,36.808006286621094,126526.0
2024-04-29,23.873247146606445,30.804929733276367,53.98747634887695,36.93939971923828,127352.0
2024-04-30,23.42506217956543,30.709909439086914,53.47209930419922,37.117706298828125,125924.0
2024-05-02,23.76710319519043,30.826852798461914,54.00436782836914,36.460750579833984,127122.0
2024-05-03,24.06606101989746,30.43470573425293,54.06351089477539,36.385677337646484,128509.0
2024-05-06,24.21554183959961,30.640697479248047,54.22404098510742,36.25428771972656,128466.0
2024-05-07,24.716291427612305,31.01456069946289,54.561988830566406,36.5076904296875,129210.0
2024-05-08,24.873247146606445,31.48759651184082,54.06351089477539,36.68600082397461,129481.0
2024-05-09,24.125856399536133,31.79277992248535,54.50284957885742,36.5076904296875,128188.0
2024-05-10,24.40239143371582,31.7241153717041,54.31697463989258,36.57338333129883,127600.0
2024-05-13,24.701345443725586,31.754629135131836,54.63802719116211,36.676612854003906,128155.0
2024-05-14,24.97041130065918,31.182411193847656,54.60422897338867,37.17402267456055,128515.0
2024-05-15,24.903141021728516,29.297880172729492,54.44370651245117,37.18340301513672,128028.0
2024-05-16,24.828407287597656,28.443359375,54.84079360961914,37.164634704589844,128284.0
2024-05-17,24.83587646484375,27.99321174621582,55.91378402709961,37.202178955078125,128151.0
2024-05-20,24.761140823364258,28.038991928100586,55.88844299316406,37.39925765991211,127751.0
2024-05-21,24.634075164794922,27.985584259033203,55.727909088134766,37.314796447753906,127412.0
2024-05-22,24.252910614013672,28.367063522338867,55.288578033447266,36.86431121826172,125650.0
2024-05-23,24.036169052124023,28.08477020263672,54.95908737182617,36.62968444824219,124729.0
2024-05-24,23.804475784301758,27.932174682617188,54.98442459106445,35.982120513916016,124306.0
2024-05-27,23.722259521484375,28.23736000061035,55.1702995300293,35.99150085449219,124496.0
2024-05-28,23.59520149230957,28.840105056762695,53.97902297973633,35.878883361816406,123780.0
2024-05-29,23.430776596069336,28.80195426940918,53.42985916137695,35.409629821777344,122707.0
2024-05-31,23.191617965698242,29.59543800354004,53.396060943603516,35.240699768066406,122098.0
2024-06-03,23.518901824951172,29.435222625732422,52.272377014160156,35.04362487792969,122032.0
2024-06-04,23.601150512695312,29.107139587402344,51.74010467529297,35.47532653808594,121802.0
2024-06-05,23.556285858154297,29.145292282104492,51.005062103271484,35.2313232421875,121407.0
2024-06-06,23.855411529541016,29.282623291015625,51.714759826660156,35.48472595214844,122899.0
2024-06-07,23.518901824951172,28.18395233154297,51.03886413574219,35.52226257324219,120767.0
2024-06-10,23.331945419311523,28.611217498779297,51.59648132324219,35.48472595214844,120760.0
2024-06-11,23.593677520751953,28.73328971862793,51.520442962646484,35.47532653808594,121635.0
2024-06-12,23.556285858154297,28.10807228088379,50.81074142456055,35.728729248046875,119936.0
2024-06-13,23.30950164794922,27.82557487487793,51.39371109008789,36.05719757080078,119568.0
2024-06-14,23.28707504272461,27.21350860595703,51.216285705566406,36.385677337646484,119662.0
2024-06-17,23.855411529541016,27.315523147583008,51.01351547241211,36.385677337646484,119138.0
2024-06-18,23.840456008911133,28.170846939086914,51.25008010864258,36.47013854980469,119630.0
2024-06-19,24.027406692504883,28.194387435913086,51.410606384277344,37.361717224121094,120261.0
2024-06-20,23.86288833618164,28.64166831970215,51.87528610229492,38.27206039428711,120446.0
2024-06-21,24.029470443725586,28.790761947631836,51.39371109008789,38.55361557006836,121341.0
2024-06-24,24.37619400024414,29.081106185913086,51.45284652709961,38.35651779174805,122637.0
2024-06-25,24.45157241821289,29.05756187438965,51.24163055419922,39.01347351074219,122331.0
2024-06-26,24.40634536743164,29.104644775390625,51.87528610229492,39.370113372802734,122641.0
2024-06-27,24.45157241821289,29.59115982055664,52.010467529296875,39.13548278808594,124308.0
2024-06-28,24.4289608001709,29.857955932617188,52.568084716796875,39.59535598754883,123907.0
2024-07-01,24.314058303833008,30.313087463378906,53.345367431640625,39.44757080078125,124718.0
2024-07-02,24.63080596923828,30.218921661376953,53.16794204711914,39.50395965576172,124787.0
2024-07-03,24.78164291381836,29.69317054748535,54.22404098510742,39.579158782958984,125662.0
2024-07-04,24.81934928894043,29.285125732421875,53.95368194580078,39.372371673583984,126164.0
2024-07-05,24.834428787231445,29.442068099975586,53.7340087890625,39.65435028076172,126267.0
2024-07-08,24.789180755615234,30.16398811340332,53.31157302856445,41.79731369018555,126548.0
2024-07-09,24.96263885498047,30.156139373779297,53.24398422241211,41.872501373291016,127108.0
2024-07-10,25.226598739624023,29.873653411865234,52.52583694458008,41.402557373046875,127218.0
2024-07-11,25.377429962158203,30.077674865722656,52.39065933227539,42.25786590576172,128294.0
2024-07-12,25.234134674072266,29.93642807006836,53.15949630737305,43.12257766723633,128897.0
2024-07-15,25.332178115844727,30.21108055114746,53.21863555908203,43.71470642089844,129321.0
2024-07-16,25.483007431030273,30.13260269165039,52.66101837158203,43.87449264526367,129110.0
2024-07-17,25.76204490661621,30.289546966552734,52.17099380493164,44.22225570678711,129450.0
2024-07-18,25.64137840270996,30.234617233276367,51.68096923828125,44.55121612548828,127652.0
2024-07-19,25.837453842163086,30.36016845703125,51.63871765136719,44.44783401489258,127616.0
2024-07-22,25.822378158569336,29.755949020385742,51.5795783996582,44.335044860839844,127860.0
2024-07-23,25.784669876098633,29.371442794799805,50.88678741455078,44.22225570678711,126590.0
2024-07-24,25.746965408325195,29.606855392456055,51.19938659667969,43.846290588378906,126423.0
2024-07-25,25.633838653564453,29.56761932373047,51.17403793334961,43.18836975097656,125954.0
2024-07-26,25.822378158569336,29.536230087280273,51.93442916870117,44.100067138671875,127492.0
2024-07-29,26.01091957092285,28.939855575561523,52.027366638183594,43.68651580810547,126954.0
2024-07-30,25.912883758544922,28.759374618530273,50.878334045410156,43.10377502441406,126139.0
2024-07-31,25.550880432128906,29.355749130249023,52.06960678100586,47.615291595458984,127652.0
2024-08-01,25.179378509521484,28.908462524414062,50.90367889404297,49.66426467895508,127395.0
2024-08-02,24.862462997436523,28.03744888305664,50.19398880004883,46.825767517089844,125854.0
2024-08-05,24.862462997436523,28.01390838623047,49.934593200683594,46.09700012207031,125270.0
2024-08-06,25.41329002380371,28.50042152404785,50.188560485839844,46.200782775878906,126267.0
2024-08-07,25.481197357177734,28.461183547973633,50.09222412109375,45.587547302246094,127514.0
2024-08-08,25.390653610229492,28.91631317138672,49.78571701049805,46.88006591796875,128661.0
2024-08-09,26.07729148864746,28.649517059326172,49.96962356567383,46.889503479003906,130615.0
2024-08-12,26.115020751953125,29.30081558227539,49.71565628051758,47.7197380065918,131116.0
2024-08-13,26.85447883605957,29.12034034729004,49.49672317504883,48.23863983154297,132398.0
2024-08-14,27.51848793029785,29.630393981933594,49.041343688964844,48.62545394897461,133318.0
2024-08-15,27.956130981445312,30.085521697998047,49.242759704589844,49.7198600769043,134153.0
2024-08-16,27.722211837768555,30.21108055114746,49.11140060424805,50.2387580871582,133953.0
2024-08-19,27.888219833374023,30.16398811340332,49.89956283569336,48.8613166809082,135778.0
2024-08-20,28.091947555541992,30.046289443969727,50.09222412109375,50.10667037963867,136087.0
2024-08-21,27.978761672973633,29.865806579589844,51.055538177490234,50.408573150634766,136464.0
2024-08-22,27.722211837768555,29.957164764404297,51.1255989074707,51.135032653808594,135173.0
2024-08-23,27.510942459106445,29.77154541015625,50.26737594604492,50.767086029052734,135608.0
2024-08-26,27.57130241394043,31.934396743774414,50.83659744262695,51.02181625366211,136889.0
2024-08-27,27.60148811340332,31.506671905517578,52.369144439697266,50.94634246826172,136776.0
2024-08-28,28.19757843017578,31.958616256713867,51.99257278442383,50.94634246826172,137344.0
2024-08-29,27.888219833374023,31.74071502685547,51.931278228759766,50.51235580444336,136041.0
2024-08-30,27.692035675048828,31.772993087768555,52.17647933959961,51.08786392211914,136004.0
2024-09-02,27.47133445739746,31.474390029907227,51.44086456298828,49.3896484375,134981.0
2024-09-03,27.916736602783203,31.095081329345703,49.52299499511719,49.81420135498047,134353.0
2024-09-04,28.113008499145508,31.10315704345703,49.908321380615234,50.3708381652832,136111.0
2024-09-05,28.294187545776367,30.909467697143555,50.26737594604492,50.936912536621094,136502.0
2024-09-06,27.894088745117188,30.304189682006836,49.6368408203125,49.889678955078125,134572.0
2024-09-09,28.16585922241211,30.63507080078125,49.6368408203125,49.4839973449707,134737.0
2024-09-10,28.16585922241211,30.12664031982422,49.041343688964844,49.89912033081055,134320.0
2024-09-11,28.218704223632812,30.094358444213867,50.43376541137695,50.474613189697266,134677.0
2024-09-12,27.909191131591797,29.755401611328125,50.88914489746094,50.29536056518555,134029.0
2024-09-13,27.939380645751953,29.61821174621582,51.230682373046875,50.587833404541016,134882.0
2024-09-16,27.931833267211914,30.029796600341797,51.230682373046875,50.002891540527344,135118.0
2024-09-17,27.863887786865234,29.892601013183594,50.985477447509766,50.3047981262207,134960.0
2024-09-18,27.70536231994629,29.174339294433594,50.38998031616211,50.56896209716797,133748.0
2024-09-19,27.629865646362305,29.271181106567383,50.994232177734375,50.24818420410156,133123.0
2024-09-20,27.32790184020996,29.263111114501953,50.22358322143555,49.5500373840332,131065.0
2024-09-23,27.16817855834961,29.561717987060547,50.381221771240234,51.24824905395508,130568.0
2024-09-24,27.160572052001953,29.682771682739258,52.842044830322266,52.25773620605469,132156.0
2024-09-25,27.502838134765625,29.900667190551758,53.0784912109375,52.531349182128906,131586.0
2024-09-26,27.852705001831055,29.25503921508789,56.266178131103516,52.88041687011719,133010.0
2024-09-27,27.959186553955078,29.142057418823242,56.01221466064453,52.861541748046875,132730.0
2024-09-30,27.464805603027344,29.061355590820312,55.618133544921875,51.37853240966797,131816.0
2024-10-01,27.01405143737793,29.836111068725586,55.889610290527344,52.78603744506836,132495.0
2024-10-02,27.18146324157715,30.24769401550293,56.19612121582031,52.285377502441406,133515.0
2024-10-03,26.51181983947754,30.61892318725586,55.118961334228516,51.576908111572266,131672.0
2024-10-04,26.565088272094727,30.538227081298828,54.716121673583984,51.48244857788086,131792.0
2024-10-07,26.74010467529297,30.965951919555664,55.19778060913086,50.44335174560547,132018.0
2024-10-08,26.8999080657959,30.34453773498535,53.525115966796875,51.3029670715332,131512.0
2024-10-09,26.40528106689453,30.037866592407227,53.3849983215332,51.0101203918457,129962.0
2024-10-10,26.549867630004883,30.384889602661133,53.63896560668945,51.18016052246094,130353.0
2024-10-11,26.35201644897461,30.360679626464844,54.40961837768555,51.170711517333984,129992.0
2024-10-14,26.519428253173828,30.43330955505371,54.234466552734375,51.99253845214844,131005.0
2024-10-15,26.823808670043945,30.183135986328125,53.56890869140625,53.40004348754883,131043.0
2024-10-16,26.664012908935547,30.029796600341797,54.5935173034668,54.023494720458984,131750.0
2024-10-17,26.717275619506836,29.8038272857666,53.20985412597656,53.10720443725586,130793.0
2024-10-18,26.846637725830078,29.723125457763672,53.02594757080078,52.16257858276367,130499.0
2024-10-21,26.70966148376465,29.25503921508789,52.83328628540039,51.99253845214844,130362.0
2024-10-22,26.75532341003418,29.142057418823242,52.90334701538086,52.85215377807617,129721.0
2024-10-23,26.922739028930664,28.77889060974121,51.97506332397461,53.088314056396484,129233.0
2024-10-24,27.166244506835938,28.972579956054688,52.28157424926758,53.15443801879883,130067.0
2024-10-25,26.861858367919922,29.174339294433594,54.059322357177734,52.39873504638672,129893.0
2024-10-28,27.18907356262207,29.12591552734375,55.06642150878906,53.14499282836914,131213.0
2024-10-29,26.8999080657959,29.061355590820312,54.873756408691406,53.78733825683594,130730.0
2024-10-30,26.823808670043945,28.932222366333008,54.707366943359375,51.0101203918457,130639.0
2024-10-31,26.648792266845703,28.980649948120117,54.34831237792969,51.11403274536133,129713.0
2024-11-01,26.502349853515625,28.5851993560791,54.32203674316406,51.67136764526367,128121.0
2024-11-04,26.860179901123047,28.649765014648438,54.882511138916016,53.0788688659668,130515.0
2024-11-05,27.667203903198242,28.560989379882812,54.40085220336914,52.908836364746094,130661.0
2024-11-06,27.53777503967285,28.569061279296875,53.787841796875,52.98440933227539,130341.0
2024-11-07,27.13426399230957,28.6578369140625,55.661922454833984,52.682125091552734,129682.0
2024-11-08,26.707914352416992,29.19854736328125,53.09600830078125,52.039772033691406,127830.0
2024-11-11,26.738367080688477,29.25503921508789,51.36204528808594,52.417633056640625,127874.0
2024-11-12,26.418598175048828,29.8038272857666,50.19731903076172,52.35150146484375,127698.0
2024-11-13,26.28156089782715,29.763473510742188,50.05719757080078,51.67136764526367,127734.0
2024-11-14,26.20542335510254,30.078216552734375,49.77695846557617,51.34074783325195,127792.0
2024-11-18,26.114059448242188,30.82876205444336,50.39873123168945,51.0101203918457,127768.0
2024-11-19,26.35007667541504,30.505949020385742,50.51258087158203,51.132930755615234,128197.0
2024-11-21,25.89327049255371,30.594724655151367,50.46003341674805,50.75507354736328,126922.0
2024-11-22,25.969404220581055,31.813343048095703,50.95044708251953,51.019569396972656,129126.0
2024-11-25,25.961793899536133,31.61966323852539,50.941688537597656,49.26255798339844,129036.0
2024-11-26,26.4566650390625,31.57930564880371,50.293643951416016,49.85767364501953,129922.0
2024-11-27,25.809526443481445,31.466327667236328,50.90666580200195,49.224769592285156,127669.0
2024-11-28,24.88068389892578,31.143505096435547,50.381221771240234,49.98047637939453,124610.0
2024-11-29,24.819780349731445,31.393688201904297,51.47589111328125,50.95344161987305,125668.0
2024-12-02,24.467578887939453,31.595441818237305,51.59849166870117,50.86843490600586,125236.0
2024-12-03,24.741811752319336,31.87790870666504,51.20441818237305,51.576908111572266,126139.0
2024-12-04,24.894161224365234,31.676145553588867,50.20606994628906,51.95476150512695,126087.0
2024-12-05,25.427391052246094,31.990894317626953,50.61766815185547,51.888633728027344,127858.0
2024-12-06,24.909400939941406,31.498600006103516,49.75068664550781,52.52153396606445,125946.0
2024-12-09,25.03127670288086,32.31370544433594,52.39542007446289,52.663230895996094,127210.0
2024-12-10,25.37008285522461,32.434757232666016,52.342872619628906,53.73066329956055,128228.0
2024-12-11,25.616167068481445,32.7575798034668,51.52843475341797,55.30820083618164,129593.0
2024-12-12,24.97787857055664,32.17165756225586,50.106380462646484,54.59972381591797,126042.0
2024-12-13,24.654882431030273,31.970272064208984,49.3553581237793,54.467472076416016,124612.0
2024-12-16,24.385730743408203,31.83600616455078,49.328853607177734,53.947933197021484,123560.0
2024-12-17,24.51646614074707,32.13809585571289,49.57624816894531,54.694190979003906,124698.0
2024-12-18,23.816654205322266,31.307373046875,48.42762756347656,53.8912467956543,120772.0
2024-12-19,23.947385787963867,31.18150520324707,47.508731842041016,53.333919525146484,121188.0
2024-12-20,24.22423553466797,30.92137336730957,48.25975036621094,52.46486282348633,122102.0
2024-12-23,23.7551326751709,30.929765701293945,48.46296691894531,51.31052780151367,120767.0
2024-12-26,23.908937454223633,31.16227912902832,48.60433578491211,51.70783996582031,121078.0
2024-12-27,23.6705379486084,31.066450119018555,48.365779876708984,50.78077697753906,120269.0
2024-12-30,23.632083892822266,31.528175354003906,48.197906494140625,49.919921875,120283.0
2025-01-02,23.522550582885742,32.03346252441406,47.93283462524414,49.872623443603516,120125.0
2025-01-03,22.945453643798828,31.69370460510254,47.04044723510742,49.62666702270508,118533.0
2025-01-06,23.976539611816406,31.54560089111328,46.43962860107422,49.63612747192383,120022.0
2025-01-07,24.238149642944336,32.21641540527344,45.989013671875,50.62941360473633,121163.0
2025-01-08,23.84572410583496,31.955060958862305,45.547237396240234,50.33616256713867,119625.0
2025-01-09,23.90728759765625,32.094444274902344,45.26449966430664,51.357826232910156,119781.0
2025-01-10,23.576417922973633,32.18156433105469,45.52073287963867,50.468597412109375,118856.0
2025-01-13,23.745695114135742,32.29481887817383,45.51189422607422,50.374000549316406,119007.0
2025-01-14,23.761091232299805,32.0770263671875,45.81230163574219,50.0712776184082,119299.0
2025-01-15,24.79216957092285,32.486480712890625,46.47496795654297,51.2348518371582,122650.0
2025-01-16,24.71522331237793,32.27739334106445,46.53681945800781,50.77131271362305,121234.0
2025-01-17,24.892200469970703,32.408077239990234,48.14488983154297,51.24430847167969,122350.0
2025-01-20,25.13072967529297,32.486480712890625,47.968177795410156,52.15245819091797,122543.0
2025-01-21,25.184598922729492,32.49518966674805,47.729618072509766,52.62546157836914,123338.0
2025-01-22,25.09226417541504,32.31224822998047,46.527984619140625,53.391700744628906,122972.0
2025-01-23,25.038400650024414,32.08573913574219,46.22757339477539,54.157962799072266,122483.0
2025-01-24,24.976844787597656,31.920207977294922,46.854896545410156,54.74447250366211,122447.0
2025-01-27,25.577022552490234,32.39065170288086,47.676605224609375,50.43075942993164,124862.0
2025-01-28,25.623193740844727,32.34709930419922,46.51914978027344,51.16863250732422,124056.0
2025-01-29,25.561635971069336,32.14672088623047,46.65167999267578,51.490272521972656,123432.0
2025-01-30,26.184907913208008,32.57360076904297,48.622005462646484,53.17413330078125,126913.0
2025-01-31,26.015621185302734,32.83495330810547,47.86214828491211,52.06732177734375,126135.0
2025-02-03,25.775156021118164,32.66943359375,47.89749526977539,50.988895416259766,125970.0
2025-02-04,25.867536544799805,32.34709930419922,47.729618072509766,51.1402587890625,125147.0
2025-02-05,26.260168075561523,32.11186599731445,47.9858512878418,51.52810287475586,125534.0
2025-02-06,26.306358337402344,32.05089569091797,48.710365295410156,51.58486557006836,126225.0
2025-02-07,26.113893508911133,31.86794090270996,48.44529724121094,51.02672576904297,124619.0
2025-02-10,26.398746490478516,32.08573913574219,48.94892501831055,51.28214645385742,125572.0
2025-02-11,26.6758975982666,32.08573913574219,48.73686981201172,50.24156188964844,126522.0
2025-02-12,25.936824798583984,31.606582641601562,48.40995788574219,49.853702545166016,124380.0
2025-02-13,26.07540512084961,31.641433715820312,48.471805572509766,49.63612747192383,124850.0
2025-02-14,26.768281936645508,32.617156982421875,49.18748092651367,50.89429473876953,128219.0
2025-02-17,26.822174072265625,32.817527770996094,48.92241668701172,49.61720275878906,128869.0
2025-02-18,26.77730369567871,33.41865158081055,49.249332427978516,50.033447265625,128532.0
2025-02-19,26.52726936340332,33.48834228515625,49.20515441894531,49.390167236328125,127309.0
2025-02-20,26.45468521118164,33.540618896484375,51.016441345214844,49.28610610961914,127601.0
2025-02-21,26.3740291595459,33.44478225708008,51.387535095214844,50.09020233154297,127128.0
2025-02-24,26.228851318359375,33.20956802368164,50.91925048828125,48.76580810546875,125401.0
2025-02-25,26.495012283325195,33.06146240234375,50.42445755004883,49.56990051269531,125980.0
2025-02-26,26.430492401123047,33.06146240234375,50.11521530151367,45.26564407348633,124769.0
2025-02-27,26.40629768371582,31.894073486328125,49.74412155151367,46.25893783569336,124799.0
2025-02-28,25.76105499267578,31.30167007446289,48.72803497314453,45.80486297607422,122799.0
2025-03-05,26.14651870727539,30.160417556762695,49.116798400878906,45.35997772216797,123047.0
2025-03-06,26.19493293762207,29.84678840637207,49.65576934814453,45.007755279541016,123358.0
2025-03-07,26.30791473388672,30.169130325317383,50.380287170410156,45.588436126708984,125035.0
2025-03-10,26.54193687438965,30.160417556762695,49.56492233276367,45.38853454589844,124519.0
2025-03-11,26.30791473388672,29.707401275634766,49.9780387878418,44.360435485839844,123507.0
2025-03-12,26.38861083984375,29.707401275634766,49.3537712097168,44.93160629272461,123864.0
2025-03-13,26.81631851196289,30.00360679626465,50.03312301635742,44.49370574951172,125637.0
2025-03-14,27.687870025634766,30.92706298828125,51.676414489746094,44.49370574951172,128957.0
2025-03-17,28.519065856933594,31.50204086303711,52.420021057128906,45.35997772216797,130834.0
2025-03-18,28.67239761352539,31.528175354003906,52.80560302734375,45.35997772216797,131475.0
2025-03-19,28.743410110473633,31.50204086303711,52.71379852294922,45.8264274597168,132508.0
2025-03-20,28.477108001708984,31.57173728942871,52.54854965209961,45.59796142578125,131955.0
2025-03-21,28.539243698120117,32.059600830078125,52.74134063720703,45.55036163330078,132345.0
2025-03-24,28.56587791442871,32.01604461669922,52.46592712402344,45.16007995605469,131321.0
2025-03-25,28.796676635742188,32.2686882019043,52.64035415649414,44.816802978515625,132068.0
2025-03-26,28.485980987548828,32.57360076904297,52.961666107177734,44.57841491699219,132520.0
2025-03-27,28.5214900970459,32.817527770996094,53.383968353271484,44.23513412475586,133149.0
2025-03-28,28.130908966064453,32.60844802856445,52.842323303222656,43.720218658447266,131902.0
2025-03-31,27.882354736328125,32.37322998046875,52.05281066894531,43.176692962646484,130260.0
2025-04-01,27.889148712158203,32.49518966674805,52.502647399902344,43.24345016479492,131147.0
2025-04-02,27.89803123474121,32.408077239990234,52.26395797729492,42.81435012817383,131190.0
2025-04-03,28.395414352416992,31.362651824951172,50.37279510498047,42.213619232177734,131141.0
2025-04-04,27.658220291137695,30.099437713623047,48.3622932434082,41.68916320800781,127256.0
2025-04-07,27.711511611938477,28.905914306640625,47.78392791748047,41.956153869628906,125588.0
2025-04-08,27.72039222717285,27.877914428710938,45.167518615722656,41.956153869628906,123932.0
2025-04-09,28.226661682128906,29.010454177856445,47.600318908691406,43.300662994384766,127796.0
2025-04-10,28.11119270324707,27.207103729248047,48.454097747802734,42.823890686035156,126355.0
2025-04-11,28.25330924987793,27.747236251831055,49.26197052001953,43.024131774902344,127682.0
2025-04-14,28.71516227722168,27.6426944732666,49.904598236083984,43.69161605834961,129454.0
2025-04-15,29.079326629638672,27.00672721862793,49.39967727661133,43.69161605834961,129245.0
2025-04-16,29.034910202026367,27.00672721862793,48.25212860107422,43.710689544677734,128317.0
2025-04-17,29.08820343017578,27.54069709777832,48.545902252197266,43.815574645996094,129650.0
2025-04-22,29.65664291381836,27.60318946838379,49.40885543823242,44.09210968017578,130464.0
2025-04-23,30.278377532958984,27.29073143005371,49.996402740478516,44.1207160949707,132216.0
2025-04-24,30.864585876464844,27.16575050354004,50.776737213134766,46.33294677734375,134580.0
2025-04-25,30.749120712280273,27.246095657348633,49.436397552490234,47.57255554199219,134739.0
2025-04-28,31.077747344970703,27.13896942138672,49.61082458496094,47.982582092285156,135016.0
2025-04-29,31.326440811157227,27.28180503845215,49.427215576171875,48.12561798095703,135093.0
2025-04-30,31.601791381835938,26.772951126098633,48.52754211425781,42.56642532348633,135067.0
2025-05-02,31.51972198486328,27.504987716674805,48.47245788574219,42.35664367675781,135134.0
2025-05-05,30.959884643554688,26.478349685668945,48.61934280395508,40.55443572998047,133491.0
2025-05-06,30.7999324798584,26.915786743164062,48.656063079833984,40.954925537109375,133516.0
2025-05-07,31.13760757446289,27.040769577026367,48.56426239013672,40.001380920410156,133398.0
2025-05-08,31.386423110961914,27.415714263916016,48.41737747192383,40.24930191040039,136232.0
2025-05-09,33.08370590209961,27.59425926208496,48.610164642333984,39.848812103271484,136512.0
2025-05-12,32.417232513427734,28.254880905151367,49.831153869628906,40.68793487548828,136563.0
2025-05-13,32.817115783691406,28.68338966369629,50.64820861816406,41.956153869628906,138963.0
2025-05-14,33.03927993774414,28.48699188232422,50.40033721923828,42.02290344238281,138423.0
2025-05-15,33.48359298706055,28.451282501220703,50.9052619934082,42.118263244628906,139334.0
2025-05-16,33.6790885925293,28.585189819335938,50.94198226928711,42.909706115722656,139187.0
2025-05-19,34.07897186279297,28.549480438232422,50.80427551269531,42.4806022644043,139636.0
2025-05-20,34.0345458984375,28.66553497314453,50.813453674316406,42.4615364074707,140110.0
2025-05-21,33.35029602050781,28.344154357910156,50.16164779663086,41.43170166015625,137881.0
2025-05-22,33.11924743652344,27.969205856323242,49.785255432128906,41.6414794921875,137273.0
2025-05-23,33.519142150878906,28.03169822692871,49.86787796020508,41.66054916381836,137824.0
2025-05-26,33.5902214050293,27.942424774169922,49.583282470703125,41.69870376586914,138136.0
2025-05-27,33.8568115234375,28.14775276184082,49.427215576171875,42.51875305175781,139541.0
2025-05-28,33.581336975097656,28.05847930908203,49.03246307373047,42.58549880981445,138888.0
2025-05-29,33.31475830078125,27.88886260986328,49.069183349609375,41.97522735595703,138534.0
2025-05-30,33.261436462402344,27.585330963134766,47.829830169677734,40.38279724121094,137027.0
2025-06-02,33.02819061279297,27.746023178100586,48.25212860107422,39.90602493286133,136787.0
2025-06-03,32.921504974365234,27.75445556640625,48.22458267211914,39.76299285888672,137546.0
2025-06-04,32.84148025512695,26.991161346435547,48.444915771484375,41.15517807006836,137002.0
2025-06-05,32.4414176940918,27.00035858154297,48.57344055175781,40.563968658447266,136236.0
2025-06-06,32.52143478393555,27.285442352294922,48.63770294189453,40.59258270263672,136102.0
2025-06-09,32.352508544921875,26.82562828063965,48.92229461669922,40.850040435791016,135699.0
2025-06-10,32.30234909057617,27.634902954101562,49.25279235839844,40.33512496948242,136436.0
2025-06-11,32.59845733642578,28.554534912109375,48.821311950683594,40.32558822631836,137128.0
2025-06-12,32.84970474243164,29.19827651977539,48.5,40.29698181152344,137800.0
2025-06-13,32.45489501953125,29.915584564208984,47.85737228393555,40.42094421386719,137213.0
2025-06-16,33.0471076965332,29.62130355834961,49.41803741455078,40.563968658447266,139256.0
2025-06-17,33.2445068359375,30.292634963989258,47.19638442993164,39.48646545410156,138840.0
2025-06-18,33.0471076965332,30.265047073364258,47.04031753540039,39.91556167602539,138717.0
2025-06-20,32.876609802246094,30.182279586791992,45.8285026550293,39.70578384399414,137116.0
2025-06-23,32.80483627319336,29.428184509277344,46.40686798095703,39.75743865966797,136551.0
2025-06-24,33.4239616394043,28.84881591796875,46.39768981933594,39.604530334472656,137165.0
2025-06-25,32.82278060913086,28.701671600341797,46.34260559082031,39.96769714355469,135767.0
2025-06-26,32.58051300048828,28.931581497192383,47.7380256652832,41.16233444213867,137114.0
2025-06-27,32.54462432861328,28.701671600341797,48.536720275878906,40.474220275878906,136866.0
2025-06-30,33.1547737121582,28.85801124572754,48.334754943847656,40.88517379760742,138855.0
2025-07-01,33.305274963378906,28.959169387817383,48.98655700683594,40.61758041381836,139549.0
2025-07-02,33.03596115112305,29.47416114807129,50.767555236816406,40.550682067871094,139051.0
2025-07-03,33.85289001464844,29.5753231048584,50.528865814208984,40.818275451660156,140928.0
2025-07-04,33.8708381652832,29.538537979125977,50.675750732421875,41.09543228149414,141478.0
2025-07-07,33.4219856262207,29.483360290527344,49.9321403503418,40.455116271972656,139490.0
2025-07-08,33.341182708740234,29.906389236450195,50.1065673828125,38.81129455566406,139303.0
2025-07-09,32.64994812011719,29.72246551513672,49.61082458496094,38.33344268798828,137481.0
2025-07-10,31.644502639770508,29.648897171020508,50.74919128417969,38.13274383544922,136743.0
2025-07-11,31.38416290283203,30.007549285888672,51.41018295288086,37.98938751220703,136187.0
2025-07-14,31.330310821533203,29.612110137939453,50.822635650634766,37.77912521362305,135299.0
2025-07-15,31.438034057617188,29.3822021484375,49.491477966308594,37.912925720214844,135250.0
2025-07-16,31.59064292907715,29.23505973815918,49.941322326660156,39.2987060546875,135511.0
2025-07-17,32.06642532348633,28.940776824951172,49.849517822265625,40.225738525390625,135565.0
2025-07-18,31.482908248901367,28.49935531616211,50.08820724487305,40.493343353271484,133382.0
2025-07-21,31.850980758666992,28.554534912109375,51.456085205078125,40.111061096191406,134167.0
2025-07-22,31.420074462890625,28.83042335510254,52.7872428894043,39.489845275878906,134036.0
2025-07-23,31.770185470581055,29.418989181518555,52.71379852294922,36.326454162597656,135368.0
2025-07-24,31.473936080932617,29.373004913330078,51.89674377441406,34.62529373168945,133808.0
2025-07-25,31.60859489440918,29.409788131713867,51.134769439697266,34.56795120239258,133524.0
2025-07-28,30.944284439086914,29.446575164794922,50.63903045654297,35.27033233642578,132129.0
2025-07-29,31.123821258544922,29.83281898498535,50.3268928527832,35.12628936767578,132726.0
2025-07-30,31.482908248901367,30.13629913330078,49.427215576171875,35.385562896728516,133990.0
2025-07-31,31.563711166381836,30.01674461364746,49.078365325927734,35.63523483276367,133071.0
2025-08-01,31.37298583984375,29.62130355834961,49.3445930480957,35.702449798583984,132437.0
2025-08-04,31.70530128479004,29.5753231048584,49.73935317993164,35.59682083129883,132971.0
2025-08-05,32.05558776855469,29.713268280029297,49.675086975097656,35.65443801879883,133151.0
2025-08-06,32.45976638793945,29.750051498413086,49.36295700073242,36.64350128173828,134538.0
2025-08-07,33.03459167480469,29.915584564208984,49.72098922729492,37.45012283325195,136528.0
2025-08-08,33.25913619995117,28.076326370239258,50.85017776489258,36.58588790893555,135913.0
2025-08-11,33.46570587158203,28.251052856445312,50.79509735107422,35.74086380004883,135623.0
2025-08-12,34.15730285644531,28.32462501525879,51.32756042480469,35.15510177612305,137914.0
2025-08-13,33.83395767211914,28.11311149597168,51.39919662475586,35.164703369140625,136687.0
2025-08-14,33.78905487060547,27.75445556640625,50.76252365112305,35.03987121582031,136356.0
2025-08-15,33.672298431396484,27.74526023864746,50.66749954223633,34.5405387878418,136341.0
2025-08-18,33.914794921875,27.91998863220215,50.553470611572266,34.963050842285156,137322.0
2025-08-19,32.92936325073242,27.625707626342773,50.59148025512695,34.185237884521484,134432.0
2025-08-20,32.947505950927734,27.79123878479004,50.36341857910156,34.63656234741211,134667.0
2025-08-21,32.98377990722656,27.855615615844727,50.79103469848633,34.4829216003418,134511.0
2025-08-22,33.908809661865234,28.656841278076172,52.06437301635742,36.00973129272461,137968.0
2025-08-25,33.73650360107422,28.82613182067871,52.187904357910156,36.230587005615234,138025.0
2025-08-26,33.5097770690918,28.61922264099121,52.65353012084961,36.09615707397461,137771.0
2025-08-27,34.072052001953125,28.835535049438477,52.625022888183594,36.24020004272461,139206.0
2025-08-28,34.7794303894043,29.0894718170166,52.64402770996094,36.3170166015625,141049.0
2025-08-29,34.906394958496094,29.249353408813477,52.79607009887695,36.16337203979492,141422.0
2025-09-01,35.18552780151367,29.315187454223633,52.834075927734375,36.30741500854492,141125.0
2025-09-02,34.586708068847656,29.465665817260742,52.634525299072266,36.182579040527344,140335.0
2025-09-03,34.28728485107422,29.211732864379883,52.834075927734375,36.3458251953125,139864.0
2025-09-04,34.42338943481445,29.211732864379883,52.938602447509766,35.76966857910156,140993.0
2025-09-05,34.8044548034668,28.76970100402832,53.42323684692383,36.3458251953125,142640.0
2025-09-08,34.64114761352539,28.882558822631836,53.556270599365234,35.95211410522461,141792.0
2025-09-09,34.34173583984375,29.108280181884766,53.39472579956055,35.51039505004883,141618.0
2025-09-10,34.36894989013672,29.63495635986328,53.76532745361328,35.79847717285156,142349.0
2025-09-11,34.43246841430664,29.522096633911133,54.18343734741211,35.36635971069336,143151.0
2025-09-12,33.91529083251953,29.32459259033203,54.164432525634766,35.481590270996094,142272.0
2025-09-15,34.47782897949219,29.57852554321289,54.639556884765625,35.05907440185547,143547.0
2025-09-16,34.3870964050293,29.653766632080078,54.82960891723633,35.30874252319336,144062.0
2025-09-17,34.877044677734375,29.83245849609375,54.92463302612305,35.25112533569336,145594.0
2025-09-18,34.92240524291992,29.54090690612793,54.820106506347656,35.27033233642578,145500.0
2025-09-19,35.38513946533203,29.211732864379883,55.03866195678711,34.90542984008789,145865.0
2025-09-22,34.877044677734375,29.50328826904297,55.11468505859375,35.63523483276367,145109.0
2025-09-23,35.430503845214844,30.001747131347656,54.80109786987305,35.24152755737305,146425.0
2025-09-24,35.194602966308594,30.67890167236328,55.010154724121094,35.42397689819336,146492.0
2025-09-25,34.91333770751953,30.434377670288086,55.31423568725586,34.90542984008789,145306.0
2025-09-26,35.08572006225586,30.330921173095703,54.24995422363281,34.876625061035156,145447.0
2025-09-29,35.28533935546875,29.917102813720703,54.43050003051758,35.03096008300781,146337.0
2025-09-30,35.448646545410156,29.58793067932129,54.715579986572266,35.242862701416016,146237.0
2025-10-01,34.81110382080078,29.512691497802734,55.409263610839844,34.47231674194336,145517.0
2025-10-02,34.429866790771484,29.23054313659668,55.77986145019531,34.799800872802734,143950.0
2025-10-03,34.68402862548828,29.155303955078125,55.67533493041992,35.05985641479492,144201.0
2025-10-06,34.284629821777344,28.891963958740234,56.625587463378906,34.366363525390625,143608.0
2025-10-07,33.74000549316406,28.995420455932617,55.82737350463867,34.41452407836914,141356.0
2025-10-08,33.80353546142578,28.82613182067871,56.25498962402344,34.1929931640625,142145.0
2025-10-09,33.74908447265625,28.41231346130371,56.16946792602539,35.830406188964844,141708.0
2025-10-10,33.7127685546875,28.15838050842285,55.941402435302734,35.33917999267578,140680.0
2025-10-13,33.84892654418945,28.431121826171875,56.77762985229492,36.446842193603516,141783.0
2025-10-14,33.994163513183594,28.233619689941406,56.77762985229492,35.955623626708984,141683.0
2025-10-15,33.994163513183594,27.979686737060547,57.8324089050293,36.04230499267578,142604.0
2025-10-16,33.91246795654297,27.697538375854492,57.30026626586914,37.01512145996094,142200.0
2025-10-17,34.030479431152344,27.960878372192383,57.13872528076172,38.671791076660156,143399.0
2025-10-20,34.638641357421875,27.979686737060547,57.87042236328125,38.084251403808594,144509.0
2025-10-21,34.31186294555664,27.75396728515625,57.775394439697266,38.20946502685547,144085.0
2025-10-22,34.593265533447266,28.07373809814453,58.80167007446289,38.54658126831055,144873.0
2025-10-23,34.56602478027344,28.393505096435547,58.6876335144043,39.91429901123047,145721.0
2025-10-24,34.5206413269043,28.0643310546875,58.65913009643555,39.84687805175781,146172.0
2025-10-27,34.81110382080078,28.21480941772461,58.592613220214844,40.13582992553711,146969.0
2025-10-28,34.929115295410156,28.20540428161621,59.10574722290039,40.76190185546875,147429.0
2025-10-29,35.709754943847656,28.233619689941406,60.179534912109375,40.50183868408203,148633.0
2025-10-30,35.66436767578125,28.11135482788086,60.635658264160156,39.92393112182617,148780.0
2025-10-31,35.80052947998047,27.979686737060547,62.013526916503906,40.54999923706055,149540.0
2025-11-03,36.39775848388672,28.30885887145996,62.09904479980469,41.22422790527344,150454.0
2025-11-04,36.28878402709961,28.449932098388672,61.405364990234375,41.17607116699219,150704.0
2025-11-05,36.44316864013672,29.014230728149414,62.46014404296875,41.90808868408203,153294.0
2025-11-06,36.44316864013672,29.164710998535156,62.24158477783203,42.29336166381836,153339.0
2025-11-07,36.4794921875,30.265087127685547,61.55739974975586,43.343231201171875,154064.0
2025-11-10,36.72468566894531,30.434377670288086,61.96601104736328,43.699607849121094,155257.0
2025-11-11,37.433021545410156,31.22439193725586,61.80447006225586,44.33530807495117,157749.0
2025-11-12,36.57938766479492,30.424968719482422,62.488651275634766,43.237281799316406,157633.0
2025-11-13,36.72468566894531,30.556642532348633,62.40312576293945,43.169857025146484,157162.0
2025-11-14,36.86998748779297,30.7541446685791,62.02302169799805,42.8038444519043,157739.0
2025-11-17,36.5975456237793,30.923433303833008,61.97551345825195,42.35115432739258,156993.0
2025-11-18,36.415916442871094,31.026885986328125,61.785457611083984,41.84066390991211,156522.0
2025-11-19,36.18888854980469,30.867002487182617,61.71894073486328,42.042938232421875,155381.0
2025-11-21,36.29786682128906,30.631879806518555,61.91850280761719,41.62876892089844,154770.0
2025-11-24,36.161643981933594,30.60366439819336,61.85197830200195,41.59986877441406,155278.0
2025-11-25,36.243377685546875,30.359134674072266,62.33660888671875,41.37833786010742,155910.0
2025-11-26,37.09701156616211,30.312110900878906,63.267860412597656,42.765323638916016,158555.0
2025-11-27,36.96987533569336,30.471996307373047,63.030296325683594,42.42820739746094,158292.0
2025-11-28,37.814430236816406,29.89829444885254,64.04706573486328,42.620845794677734,159072.0
2025-12-01,37.52157974243164,29.95472526550293,64.54119110107422,43.516605377197266,158611.0
2025-12-02,38.35740661621094,30.161630630493164,65.0733413696289,43.9307746887207,161092.0
2025-12-03,38.35740661621094,30.387351989746094,67.17340087890625,43.391387939453125,161755.0
2025-12-04,39.30226516723633,30.584854125976562,68.34220886230469,44.26997375488281,164456.0
2025-12-05,37.48523712158203,29.50328826904297,66.7267837524414,45.43753433227539,157369.0
2025-12-08,37.66693878173828,29.77602767944336,66.2706527709961,46.478607177734375,158187.0
2025-12-09,37.58517074584961,29.964128494262695,66.30867004394531,46.37158203125,157981.0
2025-12-10,37.88097381591797,30.03936767578125,67.52498626708984,47.15968704223633,159075.0
2025-12-11,37.85215759277344,29.54090690612793,68.41822814941406,47.23752212524414,159189.0
2025-12-12,38.18832015991211,29.710195541381836,68.61000061035156,48.18130111694336,160766.0
2025-12-15,38.76460647583008,29.813650131225586,69.02999877929688,48.33697509765625,162482.0
2025-12-16,37.765716552734375,28.91077423095703,69.29000091552734,48.589942932128906,158578.0
2025-12-17,37.42954635620117,29.23054313659668,70.16999816894531,48.45372772216797,157327.0
2025-12-18,37.62164306640625,29.061254501342773,70.3499984741211,48.64832305908203,157923.0
2025-12-19,37.9674186706543,29.164710998535156,70.8499984741211,48.375892639160156,158473.0
2025-12-22,38.04425048828125,29.249353408813477,72.91999816894531,47.556175231933594,158142.0
2025-12-23,38.66856384277344,29.406648635864258,72.9000015258789,48.17482376098633,160456.0
2025-12-26,38.68104553222656,29.5036678314209,73.12000274658203,48.643802642822266,160897.0
2025-12-29,38.56233596801758,29.814130783081055,72.12000274658203,48.60388946533203,160490.0
2025-12-30,38.80964660644531,29.90144920349121,71.95999908447266,48.40432357788086,161125.0
2026-01-02,38.74846649169922,29.79472541809082,72.37999725341797,48.14488983154297,160539.0
2026-01-05,39.312618255615234,29.299928665161133,73.12000274658203,47.97526168823242,161870.0
2026-01-06,39.5501594543457,28.756616592407227,75.87000274658203,48.0650634765625,163664.0
2026-01-07,38.916725158691406,28.940954208374023,76.31999969482422,47.59608840942383,161975.0
2026-01-08,39.520469665527344,29.299928665161133,75.58000183105469,45.61042404174805,162937.0
2026-01-09,39.4412841796875,29.39694595336914,74.72000122070312,45.99957275390625,163370.0
2026-01-12,39.084983825683594,29.455158233642578,74.73999786376953,46.64815902709961,163150.0
2026-01-13,38.76826095581055,30.211912155151367,75.3499984741211,46.29892349243164,161973.0
2026-01-14,39.19385528564453,31.036579132080078,78.91999816894531,46.907588958740234,165146.0
2026-01-15,39.530364990234375,30.842540740966797,78.8499984741211,46.33883285522461,165568.0
2026-01-16,39.2037467956543,31.0850887298584,78.87999725341797,46.219093322753906,164800.0
2026-01-19,39.14436340332031,31.211212158203125,78.56999969482422,46.11931228637695,164849.0
2026-01-20,39.51057052612305,31.327638626098633,80.08000183105469,46.328857421875,166277.0
2026-01-21,41.24262237548828,32.43366241455078,82.5,47.486328125,171817.0
2026-01-22,42.638160705566406,32.579193115234375,82.9800033569336,49.12275695800781,175589.0
2026-01-23,43.123138427734375,33.99567794799805,85.0199966430664,49.76136016845703,178859.0
2026-01-26,43.69718933105469,34.3061408996582,83.06999969482422,51.4975700378418,178721.0
2026-01-27,44.85519027709961,35.053192138671875,84.9000015258789,52.58519744873047,181919.0
2026-01-28,45.864723205566406,36.22713088989258,86.97000122070312,51.45765686035156,184691.0
2026-01-29,45.67668151855469,36.57639694213867,87.41000366210938,51.95656967163086,183134.0
2026-01-30,45.03334426879883,36.63460922241211,84.31999969482422,51.60733413696289,181364.0
2026-02-02,45.42759323120117,36.13010787963867,84.81999969482422,51.836830139160156,182793.0
2026-02-03,45.685035705566406,36.45997619628906,88.98999786376953,53.88236618041992,185674.0
2026-02-04,44.18001937866211,36.401763916015625,89.43000030517578,51.288028717041016,181708.0
2026-02-05,45.07115173339844,35.89725875854492,86.44999694824219,52.09626388549805,182127.0
2026-02-06,46.28902053833008,35.55769348144531,85.62999725341797,51.73704528808594,182950.0
2026-02-09,47.833641052246094,36.20772171020508,87.30999755859375,53.63290786743164,186241.0
2026-02-10,47.94255447387695,36.2368278503418,87.05000305175781,52.285850524902344,185929.0
2026-02-11,48.88318634033203,36.945072174072266,90.08999633789062,53.47325897216797,189699.0
2026-02-12,47.76432800292969,36.00398254394531,89.2300033569336,53.912296295166016,187766.0
2026-02-13,47.29895782470703,35.7905387878418,87.02999877929688,53.68280029296875,186464.0
2026-02-18,47.516788482666016,36.08159637451172,83.91999816894531,53.2736930847168,186016.0
2026-02-19,48.071266174316406,36.68312072753906,83.45999908447266,51.258094787597656,188534.0
2026-02-20,48.74456024169922,36.83835220336914,86.80999755859375,51.87674331665039,190534.0
2026-02-23,46.982112884521484,37.439876556396484,87.38999938964844,51.856788635253906,188854.0
2026-02-24,47.695011138916016,38.390663146972656,87.7300033569336,51.29800796508789,191490.0
2026-02-25,47.318763732910156,38.390663146972656,89.97000122070312,50.170467376708984,191248.0
2026-02-26,47.1999397277832,38.429473876953125,89.20999908447266,49.272430419921875,191005.0
2026-02-27,46.3187255859375,38.15782165527344,88.47000122070312,49.591732025146484,188787.0
2026-03-02,45.4848747253418,39.9041748046875,88.16000366210938,48.58393096923828,189307.0
2026-03-03,43.95947265625,39.72953796386719,84.4800033569336,47.29674530029297,183105.0
2026-03-04,44.58350372314453,39.29294967651367,84.08999633789062,47.236873626708984,185366.0
2026-03-05,43.097713470458984,39.4772834777832,81.29000091552734,46.608245849609375,180464.0
2026-03-06,42.52321243286133,40.90347671508789,78.86000061035156,46.51844024658203,179365.0
2026-03-09,42.751033782958984,41.87367248535156,79.26000213623047,46.47853088378906,180915.0
2026-03-10,43.38496398925781,41.6505241394043,80.55999755859375,47.08720016479492,183447.0
2026-03-11,43.474117279052734,43.46479034423828,79.8499984741211,46.77787780761719,183969.0
2026-03-12,42.285484313964844,43.65883255004883,79.23999786376953,45.720184326171875,179285.0
2026-03-13,41.99824142456055,43.33866500854492,78.30000305175781,46.10933303833008,177653.0
2026-03-16,42.592552185058594,44.493202209472656,78.83999633789062,45.86985778808594,179875.0
2026-03-17,42.3052978515625,44.997703552246094,78.95999908447266,46.09935760498047,180410.0
2026-03-18,41.879371643066406,45.59922409057617,77.12999725341797,46.059444427490234,179640.0
2026-03-19,42.17652893066406,45.385780334472656,76.62999725341797,46.48850631713867,180271.0
2026-03-20,41.49628448486328,44.308860778808594,75.55000305175781,45.85987854003906,176219.0
2026-03-23,42.72469711303711,44.65813446044922,77.48999786376953,47.25,181932.0
2026-03-24,42.48501205444336,45.86117935180664,78.0999984741211,47.45000076293945,182509.0
2026-03-25,43.04428482055664,46.084320068359375,79.55000305175781,48.18000030517578,185424.0
2026-03-26,41.885780334472656,46.58882522583008,78.91000366210938,47.52000045776367,182733.0
2026-03-27,41.396419525146484,47.93739700317383,79.0,47.40999984741211,181557.0
2026-03-30,41.54622268676758,48.18964385986328,79.5,49.04999923706055,182514.0
2026-03-31,43.423797607421875,47.21944808959961,82.4800033569336,51.0099983215332,187462.0
2026-04-01,43.791656494140625,45.958194732666016,83.0,51.0099983215332,187953.0
2026-04-02,43.262115478515625,46.71495056152344,83.55000305175781,50.310001373291016,188052.0
2026-04-06,43.45195388793945,47.48140335083008,83.08999633789062,50.619998931884766,188162.0
2026-04-07,43.42197799682617,47.0642204284668,83.69000244140625,50.650001525878906,188259.0
2026-04-08,44.94064712524414,45.220848083496094,85.58999633789062,52.77000045776367,192201.0
2026-04-09,45.70997619628906,46.47240447998047,84.69000244140625,52.5,195129.0
2026-04-10,46.02969741821289,47.568721771240234,85.58999633789062,52.880001068115234,197324.0
2026-04-13,45.7899055480957,48.29636764526367,87.36000061035156,52.040000915527344,198001.0
2026-04-14,46.48929214477539,46.45299530029297,88.30000305175781,51.900001525878906,198657.0
2026-04-15,46.99884796142578,45.49250411987305,88.44000244140625,49.959999084472656,197738.0
2026-04-16,46.93889617919922,47.132137298583984,87.44000244140625,48.400001525878906,196819.0
2026-04-17,46.759056091308594,44.842472076416016,89.75,48.650001525878906,195734.0
2026-04-20,46.32943344116211,45.618629455566406,88.7300033569336,48.47999954223633,196132.0
2026-04-22,44.990604400634766,46.24925231933594,87.22000122070312,47.189998626708984,192889.0
2026-04-23,44.1413459777832,46.97968673706055,85.97000122070312,48.279998779296875,191378.0
2026-04-24,44.331180572509766,46.37977981567383,85.87000274658203,47.79999923706055,190745.0
2026-04-27,43.951515197753906,46.5863037109375,85.5,48.189998626708984,189579.0
2026-04-28,44.06141662597656,46.73382568359375,84.38999938964844,47.290000915527344,188619.0
2026-04-29,42.83249282836914,48.150001525878906,79.44000244140625,44.099998474121094,184750.0
2026-04-30,43.15221405029297,48.26801681518555,81.18000030517578,44.86000061035156,187318.0
2026-05-04,42.3807487487793,48.52371597290039,78.66000366210938,44.36000061035156,185600.0
2026-05-05,42.44071960449219,47.85496520996094,78.38999938964844,43.540000915527344,186754.0
2026-05-06,41.76102828979492,46.48796081542969,81.2300033569336,44.939998626708984,187691.0
2026-05-07,40.771480560302734,45.4553337097168,80.06999969482422,44.310001373291016,183218.0
2026-05-08,41.24126434326172,44.9144287109375,80.80000305175781,45.52000045776367,184108.0
2026-05-11,40.31168746948242,45.66185760498047,83.44999694824219,44.15999984741211,181909.0
2026-05-12,39.85189437866211,44.92426681518555,83.25,43.38999938964844,180342.0
2026-05-13,39.61200714111328,43.8326301574707,84.30000305175781,43.310001373291016,177098.0
2026-05-14,40.381656646728516,44.255516052246094,82.87000274658203,43.720001220703125,178366.0
2026-05-15,39.68197250366211,44.71773910522461,83.5,43.130001068115234,177284.0
2026-05-18,39.60200881958008,45.67169189453125,81.83000183105469,42.34000015258789,176976.0
2026-05-19,38.76239013671875,45.327484130859375,81.0199966430664,41.81999969482422,174279.0
2026-05-20,39.65198516845703,43.86213302612305,82.0,42.58000183105469,177356.0
2026-05-21,40.10177993774414,44.20634460449219,82.62999725341797,42.470001220703125,177650.0
2026-05-22,39.4120979309082,43.744117736816406,83.0999984741211,42.72999954223633,176210.0
2026-05-25,40.301692962646484,42.68198776245117,83.58999633789062,43.310001373291016,177359.0
2026-05-26,40.041812896728516,42.72132110595703,83.06999969482422,43.439998626708984,176589.0
2026-05-27,40.301692962646484,42.11157989501953,83.44999694824219,43.45000076293945,175744.0
2026-05-28,39.98183822631836,41.80670928955078,83.95999908447266,43.720001220703125,175063.0
2026-05-29,40.021820068359375,41.30514907836914,82.81999969482422,44.099998474121094,173788.0
